START,STOP,PATIENT,ENCOUNTER,CODE,SYSTEM,DESCRIPTION,TYPE,CATEGORY,REACTION1,DESCRIPTION1,SEVERITY1,REACTION2,DESCRIPTION2,SEVERITY2
1973-11-26,,92675303-ca5b-136a-169b-e764c5753f06,cbc67779-2547-d707-19f9-d12195240b2d,111088007,SNOMED-CT,Latex (substance),allergy,environment,402387002,Allergic angioedema (disorder),MODERATE,267036007,Dyspnea (finding),MODERATE
1973-11-26,,92675303-ca5b-136a-169b-e764c5753f06,cbc67779-2547-d707-19f9-d12195240b2d,84489001,SNOMED-CT,Mold (organism),allergy,environment,,,,,,
1973-11-26,,92675303-ca5b-136a-169b-e764c5753f06,cbc67779-2547-d707-19f9-d12195240b2d,260147004,SNOMED-CT,House dust mite (organism),allergy,environment,,,,,,
1973-11-26,,92675303-ca5b-136a-169b-e764c5753f06,cbc67779-2547-d707-19f9-d12195240b2d,264287008,SNOMED-CT,Animal dander (substance),allergy,environment,878820003,Rhinoconjunctivitis (disorder),MODERATE,271807003,Eruption of skin (disorder),MILD
1973-11-26,,92675303-ca5b-136a-169b-e764c5753f06,cbc67779-2547-d707-19f9-d12195240b2d,256277009,SNOMED-CT,Grass pollen (substance),allergy,environment,,,,,,
1973-11-26,,92675303-ca5b-136a-169b-e764c5753f06,cbc67779-2547-d707-19f9-d12195240b2d,782576004,SNOMED-CT,Tree pollen (substance),allergy,environment,,,,,,
1973-11-26,,92675303-ca5b-136a-169b-e764c5753f06,cbc67779-2547-d707-19f9-d12195240b2d,1191,RxNorm,Aspirin,allergy,medication,,,,,,
1973-11-26,,92675303-ca5b-136a-169b-e764c5753f06,cbc67779-2547-d707-19f9-d12195240b2d,735029006,SNOMED-CT,Shellfish (substance),allergy,food,422587007,Nausea (finding),MODERATE,271807003,Eruption of skin (disorder),MODERATE
1973-11-26,,92675303-ca5b-136a-169b-e764c5753f06,cbc67779-2547-d707-19f9-d12195240b2d,442571000124108,SNOMED-CT,Tree nut (substance),allergy,food,39579001,Anaphylaxis (disorder),SEVERE,247472004,Wheal (finding),MODERATE
